,Measures,Values
0,Max,448000.0
1,Min,-1.0
2,Avg,230190.04919528787
3,Std,51891.9852258237
